Decay,Time (s)
1,3.88927
2,0.06820
3,0.55236
4,2.17826
5,9.02553
6,0.90834